9:23:00,1.492269993,1.492269993,1.361999989,1.21200607902736,1.23261205564142
9:24:00,3.214119911,3.673280001,2.723999977,3.404999971,3.443700075
9:25:00,2.984539986,3.443700075,2.950999975,1.21200607902736,1.23261205564142
9:26:00,3.214119911,3.673280001,2.950999975,2.950999975,3.214119911
9:27:00,3.214119911,3.214119911,2.950999975,1.21200607902736,1.23261205564142
9:28:00,4.13244009,3.673280001,3.858999968,3.177999973,3.443700075
9:29:00,4.13244009,3.443700075,3.177999973,2.950999975,3.214119911
9:30:00,3.443700075,3.214119911,3.404999971,3.631999969,3.443700075
9:31:00,2.75496006,2.984539986,3.177999973,2.723999977,1.23261205564142
9:32:00,2.984539986,1.492269993,1.475499988,1.21200607902736,1.23261205564142
9:33:00,1.492269993,2.984539986,1.24849999,1.21200607902736,1.23261205564142
9:34:00,3.214119911,3.443700075,3.631999969,2.950999975,3.214119911
9:35:00,3.673280001,4.362020016,3.858999968,5.90199995,3.443700075
9:36:00,5.50992012,6.657820225,5.447999954,5.675000191,7.346560001
9:37:00,5.50992012,6.88740015,5.447999954,4.993999958,7.576139927
9:38:00,8.26488018,6.657820225,7.945000172,8.852999687,7.346560001
9:39:00,5.969079971,7.116980076,5.90199995,5.90199995,8.035300255
9:40:00,6.88740015,6.88740015,5.90199995,6.129000187,7.805719852
9:41:00,5.739500046,7.116980076,5.221000195,5.675000191,8.035300255
9:42:00,6.198659897,6.88740015,6.355999947,5.90199995,8.035300255
9:43:00,6.657820225,6.88740015,6.129000187,5.447999954,7.805719852
9:44:00,4.13244009,4.13244009,4.085999966,5.447999954,4.13244009
9:45:00,5.280340195,5.969079971,5.90199995,8.171999931,4.821179867
9:46:00,6.657820225,7.116980076,6.583000183,5.90199995,8.035300255
9:47:00,6.198659897,5.969079971,6.355999947,8.171999931,6.88740015
9:48:00,6.657820225,7.116980076,6.129000187,5.675000191,7.805719852
9:49:00,6.657820225,6.88740015,6.583000183,8.399000168,7.576139927
9:50:00,5.280340195,4.591599941,4.313000202,4.539999962,4.821179867
9:51:00,3.673280001,3.673280001,1.475499988,1.21200607902736,3.443700075
9:52:00,3.214119911,3.214119911,1.475499988,1.21200607902736,1.23261205564142
9:53:00,1.492269993,1.492269993,1.475499988,1.21200607902736,1.23261205564142
9:54:00,1.262689948,1.492269993,1.361999989,1.21200607902736,1.23261205564142
9:55:00,1.37748003,1.37748003,1.475499988,1.21200607902736,1.23261205564142
9:56:00,1.37748003,1.37748003,1.361999989,1.21200607902736,1.23261205564142
9:57:00,1.37748003,1.37748003,1.475499988,1.21200607902736,1.23261205564142
9:58:00,1.37748003,1.492269993,1.361999989,1.21200607902736,1.23261205564142
9:59:00,1.492269993,1.37748003,1.475499988,1.21200607902736,1.23261205564142
10:00:00,1.262689948,1.492269993,1.475499988,1.21200607902736,1.23261205564142
10:01:00,1.262689948,1.492269993,1.475499988,1.21200607902736,1.23261205564142
10:02:00,1.492269993,1.492269993,1.361999989,1.21200607902736,1.23261205564142
10:03:00,1.492269993,1.492269993,1.361999989,1.21200607902736,1.23261205564142
10:04:00,1.492269993,1.492269993,1.361999989,1.21200607902736,1.23261205564142
10:05:00,1.492269993,1.492269993,1.361999989,1.21200607902736,1.23261205564142
10:06:00,1.147899985,1.37748003,1.361999989,1.21200607902736,1.23261205564142
10:07:00,1.262689948,1.262689948,1.13499999,1.21200607902736,1.23261205564142
10:08:00,1.147899985,1.37748003,1.13499999,1.21200607902736,1.23261205564142
10:09:00,1.262689948,1.147899985,1.13499999,1.21200607902736,1.23261205564142
10:10:00,1.492269993,1.492269993,1.24849999,1.21200607902736,1.23261205564142
10:11:00,1.147899985,1.37748003,1.361999989,1.21200607902736,1.23261205564142
10:12:00,1.147899985,1.147899985,1.13499999,1.21200607902736,1.23261205564142
10:13:00,1.147899985,1.147899985,1.13499999,1.21200607902736,1.23261205564142
10:14:00,1.147899985,1.147899985,1.13499999,1.21200607902736,1.23261205564142
10:15:00,1.147899985,1.147899985,1.13499999,1.21200607902736,1.23261205564142
10:16:00,1.147899985,1.147899985,1.13499999,1.21200607902736,1.23261205564142
10:17:00,1.37748003,1.37748003,1.361999989,1.21200607902736,1.23261205564142
10:18:00,1.492269993,1.492269993,1.475499988,1.21200607902736,1.23261205564142
10:19:00,5.280340195,5.50992012,7.717999935,7.037000179,5.050759792
10:20:00,4.362020016,3.902859926,3.177999973,3.177999973,3.214119911
10:21:00,1.147899985,1.37748003,1.361999989,1.21200607902736,1.23261205564142
10:22:00,1.147899985,1.37748003,1.361999989,1.21200607902736,1.23261205564142
10:23:00,1.147899985,1.147899985,1.13499999,1.21200607902736,1.23261205564142
10:24:00,1.147899985,1.147899985,1.13499999,1.21200607902736,1.23261205564142
10:25:00,1.147899985,1.37748003,1.361999989,1.21200607902736,1.23261205564142
10:26:00,1.147899985,1.147899985,1.24849999,1.21200607902736,1.23261205564142
10:27:00,1.147899985,1.147899985,1.475499988,1.21200607902736,1.23261205564142
10:28:00,1.147899985,1.37748003,1.475499988,1.21200607902736,1.23261205564142
10:29:00,1.37748003,1.37748003,1.24849999,1.21200607902736,1.23261205564142
10:30:00,1.37748003,1.37748003,3.404999971,1.21200607902736,1.23261205564142
10:31:00,1.37748003,1.492269993,2.950999975,1.21200607902736,3.673280001
10:32:00,3.214119911,3.902859926,2.950999975,3.177999973,1.23261205564142
10:33:00,3.673280001,4.362020016,4.085999966,6.583000183,4.821179867
10:34:00,1.492269993,1.492269993,1.475499988,2.950999975,2.984539986
10:35:00,1.262689948,1.492269993,1.475499988,1.21200607902736,1.23261205564142
10:36:00,1.262689948,1.492269993,1.24849999,1.21200607902736,1.23261205564142
10:37:00,1.492269993,1.492269993,1.475499988,1.21200607902736,1.23261205564142
10:38:00,1.37748003,1.37748003,1.475499988,1.21200607902736,1.23261205564142
10:39:00,1.262689948,1.262689948,1.24849999,1.21200607902736,1.23261205564142
10:40:00,1.262689948,2.984539986,2.950999975,1.21200607902736,1.23261205564142
10:41:00,3.214119911,3.214119911,2.950999975,3.631999969,3.214119911
10:42:00,5.280340195,5.739500046,4.767000198,4.767000198,3.673280001
10:43:00,3.214119911,1.492269993,3.858999968,3.177999973,3.673280001
10:44:00,1.492269993,1.492269993,1.475499988,1.21200607902736,1.23261205564142
10:45:00,1.492269993,1.492269993,1.475499988,2.723999977,1.23261205564142
10:46:00,1.492269993,1.492269993,1.361999989,1.21200607902736,1.23261205564142
10:47:00,1.492269993,1.492269993,1.475499988,1.21200607902736,1.23261205564142
10:48:00,1.147899985,1.37748003,1.24849999,1.21200607902736,1.23261205564142
10:49:00,1.147899985,1.37748003,1.13499999,1.21200607902736,1.23261205564142
10:50:00,1.147899985,1.37748003,2.950999975,1.21200607902736,3.214119911
10:51:00,1.147899985,1.37748003,1.475499988,1.21200607902736,1.23261205564142
10:52:00,1.147899985,1.37748003,1.475499988,1.21200607902736,1.23261205564142
10:53:00,1.37748003,1.37748003,1.475499988,1.21200607902736,1.23261205564142
10:54:00,1.37748003,1.492269993,2.950999975,1.21200607902736,1.23261205564142
10:55:00,1.37748003,1.37748003,1.475499988,1.21200607902736,1.23261205564142
10:56:00,1.37748003,1.37748003,1.475499988,1.21200607902736,1.23261205564142
10:57:00,1.37748003,1.492269993,1.361999989,1.21200607902736,1.23261205564142
10:58:00,1.37748003,1.37748003,1.361999989,1.21200607902736,1.23261205564142
10:59:00,1.37748003,1.492269993,1.361999989,1.21200607902736,1.23261205564142
11:00:00,1.37748003,1.37748003,1.361999989,1.21200607902736,1.23261205564142
11:01:00,1.492269993,1.492269993,1.361999989,1.21200607902736,1.23261205564142
11:02:00,1.492269993,1.492269993,1.475499988,1.21200607902736,1.23261205564142
11:03:00,1.262689948,1.492269993,1.475499988,1.21200607902736,1.23261205564142
11:04:00,1.262689948,1.37748003,1.361999989,1.21200607902736,1.23261205564142
11:05:00,1.262689948,1.492269993,1.475499988,1.21200607902736,1.23261205564142
11:06:00,1.262689948,1.492269993,1.475499988,1.21200607902736,1.23261205564142
11:07:00,2.984539986,2.75496006,1.24849999,1.21200607902736,1.23261205564142
11:08:00,4.591599941,5.969079971,4.993999958,4.313000202,4.362020016
11:09:00,4.362020016,3.673280001,3.177999973,5.447999954,3.673280001
11:10:00,1.492269993,1.492269993,1.361999989,1.21200607902736,1.23261205564142
11:11:00,1.262689948,2.75496006,1.24849999,1.21200607902736,1.23261205564142
11:12:00,1.262689948,1.262689948,1.24849999,1.21200607902736,1.23261205564142
11:13:00,1.37748003,1.37748003,1.475499988,1.21200607902736,1.23261205564142
11:14:00,1.262689948,1.492269993,1.24849999,1.21200607902736,1.23261205564142
11:15:00,1.262689948,1.262689948,1.475499988,1.21200607902736,1.23261205564142
11:16:00,1.147899985,1.147899985,1.13499999,1.21200607902736,1.23261205564142
11:17:00,1.147899985,1.147899985,1.13499999,1.21200607902736,1.23261205564142
11:18:00,1.147899985,1.147899985,1.13499999,1.21200607902736,1.23261205564142
11:19:00,1.147899985,1.262689948,1.13499999,1.21200607902736,1.23261205564142
11:20:00,1.262689948,1.262689948,1.361999989,1.21200607902736,1.23261205564142
11:21:00,1.262689948,1.262689948,1.13499999,1.21200607902736,1.23261205564142
11:22:00,1.262689948,1.262689948,1.24849999,1.21200607902736,1.23261205564142
11:23:00,1.492269993,1.492269993,1.361999989,1.21200607902736,1.23261205564142
11:24:00,1.262689948,1.492269993,1.361999989,1.21200607902736,1.23261205564142
11:25:00,1.262689948,1.262689948,1.361999989,1.21200607902736,1.23261205564142
11:26:00,1.262689948,1.262689948,1.361999989,1.21200607902736,1.23261205564142
11:27:00,1.262689948,1.262689948,1.361999989,1.21200607902736,1.23261205564142
11:28:00,1.262689948,1.262689948,1.361999989,1.21200607902736,1.23261205564142
11:29:00,1.262689948,1.262689948,1.13499999,1.21200607902736,1.23261205564142
11:30:00,1.262689948,1.262689948,1.361999989,1.21200607902736,1.23261205564142
11:31:00,1.492269993,1.262689948,1.361999989,1.21200607902736,1.23261205564142
11:32:00,1.262689948,1.262689948,1.361999989,1.21200607902736,1.23261205564142
11:33:00,1.147899985,1.147899985,1.24849999,1.21200607902736,1.23261205564142
11:34:00,1.262689948,1.262689948,1.24849999,1.21200607902736,1.23261205564142
11:35:00,1.262689948,1.262689948,1.24849999,1.21200607902736,1.23261205564142
11:36:00,1.262689948,1.262689948,1.13499999,1.21200607902736,1.23261205564142
11:37:00,1.147899985,1.147899985,1.13499999,1.21200607902736,1.23261205564142
11:38:00,1.147899985,1.37748003,1.24849999,1.21200607902736,1.23261205564142
11:39:00,1.262689948,1.262689948,1.24849999,1.21200607902736,1.23261205564142
11:40:00,1.262689948,1.262689948,1.24849999,1.21200607902736,1.23261205564142
11:41:00,1.147899985,1.147899985,1.13499999,1.21200607902736,1.23261205564142
11:42:00,1.147899985,1.147899985,1.13499999,1.21200607902736,1.23261205564142
11:43:00,1.147899985,1.147899985,1.13499999,1.21200607902736,1.23261205564142
11:44:00,1.147899985,1.147899985,1.13499999,1.21200607902736,1.23261205564142
11:45:00,1.147899985,1.147899985,1.13499999,1.21200607902736,1.23261205564142
11:46:00,1.147899985,1.147899985,1.13499999,1.21200607902736,1.23261205564142
11:47:00,1.147899985,1.147899985,1.13499999,1.21200607902736,1.23261205564142
11:48:00,1.262689948,1.262689948,1.24849999,1.21200607902736,1.23261205564142
11:49:00,1.262689948,1.262689948,1.24849999,1.21200607902736,1.23261205564142
11:50:00,1.262689948,1.262689948,1.24849999,1.21200607902736,1.23261205564142
11:51:00,1.262689948,1.262689948,1.24849999,1.21200607902736,1.23261205564142
11:52:00,1.262689948,2.984539986,1.13499999,1.21200607902736,1.23261205564142
11:53:00,1.262689948,1.147899985,1.13499999,1.21200607902736,1.23261205564142
11:54:00,1.262689948,1.262689948,1.13499999,1.21200607902736,1.23261205564142
11:55:00,1.262689948,1.262689948,1.13499999,1.21200607902736,1.23261205564142
11:56:00,1.262689948,1.262689948,1.24849999,1.21200607902736,1.23261205564142
11:57:00,1.262689948,1.262689948,1.13499999,1.21200607902736,1.23261205564142
11:58:00,1.262689948,2.75496006,1.24849999,1.21200607902736,1.23261205564142
11:59:00,1.262689948,1.262689948,1.13499999,1.21200607902736,1.23261205564142
12:00:00,1.262689948,1.262689948,1.13499999,1.21200607902736,1.23261205564142
12:01:00,1.262689948,1.262689948,1.24849999,1.21200607902736,1.23261205564142
12:02:00,1.262689948,1.262689948,1.475499988,1.21200607902736,1.23261205564142
12:03:00,2.75496006,1.262689948,1.24849999,1.21200607902736,1.23261205564142
12:04:00,1.262689948,1.262689948,1.24849999,1.21200607902736,1.23261205564142
12:05:00,1.262689948,2.984539986,1.24849999,1.21200607902736,1.23261205564142
12:06:00,3.214119911,1.492269993,1.24849999,2.950999975,2.984539986
12:07:00,1.262689948,1.147899985,1.13499999,1.21200607902736,1.23261205564142
12:08:00,1.147899985,1.147899985,1.13499999,1.21200607902736,1.23261205564142
12:09:00,1.262689948,1.262689948,1.24849999,1.21200607902736,1.23261205564142
12:10:00,1.262689948,1.262689948,1.24849999,1.21200607902736,1.23261205564142
12:11:00,1.262689948,1.262689948,1.13499999,1.21200607902736,1.23261205564142
12:12:00,1.262689948,1.262689948,1.13499999,1.21200607902736,1.23261205564142
12:13:00,1.262689948,1.262689948,1.24849999,1.21200607902736,1.23261205564142
12:14:00,1.262689948,1.262689948,1.13499999,1.21200607902736,1.23261205564142
12:15:00,1.262689948,1.262689948,1.13499999,1.21200607902736,1.23261205564142
12:16:00,1.262689948,1.262689948,1.13499999,1.21200607902736,1.23261205564142
12:17:00,1.262689948,1.262689948,2.723999977,1.21200607902736,1.23261205564142
12:18:00,4.591599941,4.591599941,4.993999958,6.583000183,4.362020016
12:19:00,1.492269993,1.492269993,2.950999975,1.21200607902736,2.75496006
12:20:00,3.902859926,4.821179867,5.675000191,5.221000195,4.13244009
12:21:00,8.494460106,7.116980076,7.263999939,10.21500015,8.494460106
12:22:00,6.88740015,7.116980076,6.809999943,6.129000187,8.035300255
12:23:00,5.969079971,5.739500046,6.809999943,8.171999931,6.198659897
12:24:00,9.183199883,7.346560001,9.76099968,6.355999947,8.035300255
12:25:00,8.724040031,7.576139927,8.171999931,6.809999943,8.953619957
12:26:00,7.805719852,7.805719852,7.491000175,6.583000183,8.26488018
12:27:00,6.88740015,7.346560001,7.037000179,5.90199995,7.805719852
12:28:00,7.576139927,6.88740015,7.491000175,5.90199995,7.805719852
12:29:00,8.26488018,7.116980076,8.171999931,9.534000397,7.805719852
12:30:00,8.035300255,7.576139927,7.717999935,9.534000397,8.26488018
12:31:00,8.26488018,7.346560001,8.399000168,5.90199995,8.035300255
12:32:00,7.576139927,7.576139927,6.583000183,5.90199995,8.035300255
12:33:00,5.280340195,5.50992012,6.129000187,6.355999947,6.88740015
12:34:00,4.13244009,5.050759792,3.858999968,3.177999973,3.443700075
12:35:00,3.443700075,3.673280001,3.404999971,1.21200607902736,1.23261205564142
12:36:00,3.902859926,3.902859926,3.631999969,1.21200607902736,2.984539986
12:37:00,1.492269993,3.902859926,1.475499988,1.21200607902736,3.214119911
12:38:00,4.13244009,3.902859926,1.475499988,1.21200607902736,1.23261205564142
12:39:00,3.673280001,3.443700075,1.80839002267574,1.21200607902736,1.23261205564142
12:40:00,1.492269993,4.13244009,1.361999989,1.21200607902736,1.23261205564142
12:41:00,1.492269993,2.75496006,1.475499988,1.21200607902736,1.23261205564142
12:42:00,3.673280001,4.13244009,3.177999973,1.21200607902736,3.443700075
12:43:00,3.443700075,1.492269993,3.631999969,1.21200607902736,2.75496006
12:44:00,3.443700075,3.673280001,1.475499988,1.21200607902736,1.23261205564142
12:45:00,1.492269993,3.673280001,3.177999973,1.21200607902736,1.23261205564142
12:46:00,5.050759792,4.821179867,1.475499988,1.21200607902736,1.23261205564142
12:47:00,3.673280001,3.443700075,1.475499988,3.177999973,1.23261205564142
12:48:00,1.492269993,1.492269993,1.475499988,1.21200607902736,1.23261205564142
12:49:00,1.492269993,3.214119911,1.475499988,1.21200607902736,1.23261205564142
12:50:00,3.443700075,3.214119911,2.950999975,1.21200607902736,2.984539986
12:51:00,4.591599941,4.591599941,1.475499988,1.21200607902736,1.23261205564142
12:52:00,5.739500046,5.739500046,2.950999975,1.21200607902736,2.75496006
12:53:00,5.50992012,5.739500046,1.475499988,1.21200607902736,1.23261205564142
12:54:00,4.821179867,5.969079971,1.475499988,1.21200607902736,1.23261205564142
12:55:00,5.280340195,5.280340195,1.475499988,1.21200607902736,2.984539986
12:56:00,4.821179867,3.673280001,3.177999973,1.21200607902736,2.984539986
12:57:00,4.591599941,3.902859926,1.475499988,1.21200607902736,1.23261205564142
12:58:00,4.362020016,4.362020016,3.177999973,1.21200607902736,2.75496006
12:59:00,4.821179867,4.821179867,1.475499988,1.21200607902736,2.984539986
13:00:00,4.362020016,3.673280001,1.475499988,1.21200607902736,1.23261205564142
13:01:00,4.13244009,3.673280001,3.177999973,1.21200607902736,2.984539986
13:02:00,1.492269993,1.492269993,1.475499988,1.21200607902736,1.23261205564142
13:03:00,3.443700075,3.214119911,1.475499988,1.21200607902736,2.75496006
13:04:00,5.50992012,5.969079971,1.475499988,1.21200607902736,1.23261205564142
13:05:00,4.591599941,3.902859926,3.404999971,1.21200607902736,2.984539986
13:06:00,3.673280001,4.591599941,2.950999975,1.21200607902736,1.23261205564142
13:07:00,4.13244009,3.902859926,1.475499988,1.21200607902736,1.23261205564142
13:08:00,5.50992012,5.969079971,1.475499988,1.21200607902736,1.23261205564142
13:09:00,4.362020016,4.362020016,1.475499988,2.950999975,1.23261205564142
13:10:00,2.984539986,3.443700075,3.177999973,1.21200607902736,2.75496006
13:11:00,3.673280001,3.902859926,1.475499988,3.177999973,2.984539986
13:12:00,2.984539986,1.492269993,3.631999969,1.21200607902736,3.214119911
13:13:00,1.492269993,3.673280001,2.950999975,3.177999973,2.984539986
13:14:00,1.492269993,3.443700075,2.950999975,1.21200607902736,2.984539986
13:15:00,3.443700075,1.492269993,1.361999989,1.21200607902736,1.23261205564142
13:16:00,1.492269993,1.492269993,1.361999989,1.21200607902736,1.23261205564142
13:17:00,1.492269993,1.492269993,3.177999973,1.21200607902736,1.23261205564142
13:18:00,1.492269993,1.492269993,1.361999989,1.21200607902736,1.23261205564142
13:19:00,1.492269993,1.492269993,1.361999989,1.21200607902736,1.23261205564142
13:20:00,1.492269993,1.492269993,1.361999989,1.21200607902736,1.23261205564142
13:21:00,1.492269993,1.492269993,1.361999989,1.21200607902736,1.23261205564142
13:22:00,3.443700075,3.214119911,3.631999969,3.404999971,2.984539986
13:23:00,1.492269993,1.492269993,1.361999989,1.21200607902736,1.23261205564142
13:24:00,3.673280001,1.492269993,1.361999989,1.21200607902736,1.23261205564142
13:25:00,1.492269993,1.492269993,1.361999989,1.21200607902736,1.23261205564142
13:26:00,3.214119911,1.492269993,1.361999989,1.21200607902736,1.23261205564142
13:27:00,1.492269993,1.492269993,1.361999989,1.21200607902736,1.23261205564142
13:28:00,1.492269993,1.492269993,3.631999969,1.21200607902736,1.23261205564142
13:29:00,3.443700075,3.902859926,3.858999968,3.177999973,3.214119911
13:30:00,1.492269993,1.492269993,1.475499988,1.21200607902736,1.23261205564142
13:31:00,1.492269993,3.673280001,1.475499988,2.950999975,1.23261205564142
13:32:00,4.13244009,3.902859926,3.631999969,3.177999973,2.984539986
13:33:00,3.673280001,4.13244009,3.631999969,1.21200607902736,1.23261205564142
13:34:00,4.13244009,3.902859926,3.631999969,3.858999968,3.902859926
13:35:00,3.902859926,4.13244009,1.475499988,3.404999971,3.214119911
13:36:00,4.362020016,4.362020016,4.993999958,4.767000198,2.984539986
13:37:00,5.280340195,4.591599941,3.858999968,3.177999973,3.443700075
13:38:00,5.050759792,4.362020016,4.085999966,3.177999973,3.443700075
13:39:00,4.591599941,4.362020016,1.475499988,2.950999975,2.984539986
13:40:00,3.902859926,3.443700075,3.631999969,1.21200607902736,2.984539986
13:41:00,5.050759792,4.591599941,3.631999969,4.767000198,3.673280001
13:42:00,4.13244009,2.984539986,1.702499986,3.177999973,3.443700075
13:43:00,2.984539986,1.492269993,4.313000202,1.21200607902736,3.443700075
13:44:00,1.492269993,1.492269993,3.404999971,1.21200607902736,3.214119911
13:45:00,3.673280001,4.13244009,3.404999971,1.21200607902736,3.214119911
13:46:00,3.902859926,4.13244009,2.950999975,1.21200607902736,1.23261205564142
13:47:00,3.902859926,4.362020016,1.475499988,2.950999975,2.984539986
13:48:00,4.13244009,4.362020016,3.177999973,3.631999969,3.214119911
13:49:00,3.902859926,2.984539986,3.177999973,1.21200607902736,2.984539986
13:50:00,4.362020016,4.821179867,3.858999968,3.404999971,3.673280001
13:51:00,5.739500046,6.657820225,5.221000195,9.079999924,7.346560001
13:52:00,5.50992012,7.116980076,5.675000191,5.90199995,7.805719852
13:53:00,8.26488018,7.116980076,7.945000172,9.079999924,7.805719852
13:54:00,6.657820225,7.116980076,5.90199995,6.129000187,8.26488018
13:55:00,5.969079971,7.116980076,6.129000187,5.90199995,8.035300255
13:56:00,5.280340195,7.116980076,5.221000195,5.221000195,7.805719852
13:57:00,6.198659897,7.116980076,5.90199995,8.852999687,8.035300255
13:58:00,7.116980076,7.116980076,6.355999947,5.221000195,7.805719852
13:59:00,4.13244009,4.591599941,4.085999966,4.539999962,3.673280001
14:00:00,5.050759792,5.280340195,4.767000198,7.717999935,4.591599941
14:01:00,7.116980076,7.116980076,6.583000183,5.90199995,8.035300255
14:02:00,7.116980076,7.346560001,6.583000183,9.534000397,7.805719852
14:03:00,6.657820225,7.576139927,6.129000187,9.76099968,8.035300255
14:04:00,6.428239822,5.50992012,5.221000195,6.355999947,7.116980076
14:05:00,1.607059956,1.37748003,1.475499988,1.21200607902736,1.23261205564142
14:06:00,3.902859926,4.591599941,4.085999966,3.177999973,2.75496006
14:07:00,5.050759792,4.591599941,4.085999966,5.675000191,4.13244009
14:08:00,1.492269993,3.673280001,1.475499988,1.21200607902736,1.23261205564142
14:09:00,1.492269993,1.492269993,1.475499988,1.21200607902736,1.23261205564142
14:10:00,1.492269993,1.492269993,1.475499988,1.21200607902736,1.23261205564142
14:11:00,1.37748003,1.37748003,1.361999989,1.21200607902736,1.23261205564142
14:12:00,1.37748003,1.37748003,1.361999989,1.21200607902736,1.23261205564142
14:13:00,1.37748003,1.37748003,1.361999989,1.21200607902736,1.23261205564142
14:14:00,1.37748003,1.37748003,1.475499988,1.21200607902736,1.23261205564142
14:15:00,1.492269993,1.492269993,1.475499988,1.21200607902736,1.23261205564142
14:16:00,1.492269993,1.37748003,1.475499988,1.21200607902736,1.23261205564142
14:17:00,1.492269993,1.492269993,1.475499988,1.21200607902736,1.23261205564142
14:18:00,1.37748003,1.37748003,1.361999989,1.21200607902736,1.23261205564142
14:19:00,1.492269993,4.821179867,1.475499988,1.21200607902736,1.23261205564142
14:20:00,1.37748003,1.492269993,1.475499988,1.21200607902736,1.23261205564142
14:21:00,1.492269993,1.492269993,1.475499988,1.21200607902736,1.23261205564142
14:22:00,1.492269993,1.492269993,1.361999989,1.21200607902736,1.23261205564142
14:23:00,1.37748003,1.37748003,1.361999989,1.21200607902736,1.23261205564142
14:24:00,1.37748003,1.37748003,1.361999989,1.21200607902736,1.23261205564142
14:25:00,1.37748003,1.37748003,1.361999989,1.21200607902736,1.23261205564142
14:26:00,1.492269993,1.492269993,1.361999989,1.21200607902736,1.23261205564142
14:27:00,1.492269993,1.37748003,1.361999989,1.21200607902736,1.23261205564142
14:28:00,1.37748003,1.492269993,1.361999989,1.21200607902736,1.23261205564142
14:29:00,1.37748003,1.492269993,1.361999989,1.21200607902736,1.23261205564142
14:30:00,1.37748003,1.37748003,1.361999989,1.21200607902736,1.23261205564142
14:31:00,1.37748003,1.37748003,1.361999989,1.21200607902736,1.23261205564142
14:32:00,1.37748003,1.37748003,1.475499988,1.21200607902736,1.23261205564142
14:33:00,1.37748003,1.492269993,1.475499988,1.21200607902736,1.23261205564142
14:34:00,1.37748003,1.37748003,1.475499988,1.21200607902736,1.23261205564142
14:35:00,1.37748003,1.37748003,1.361999989,1.21200607902736,1.23261205564142
14:36:00,1.37748003,1.37748003,1.361999989,1.21200607902736,1.23261205564142
14:37:00,1.37748003,1.37748003,1.361999989,1.21200607902736,1.23261205564142
14:38:00,1.492269993,1.492269993,1.361999989,1.21200607902736,1.23261205564142
14:39:00,1.37748003,1.37748003,1.361999989,1.21200607902736,1.23261205564142
14:40:00,1.492269993,1.492269993,1.475499988,1.21200607902736,1.23261205564142
14:41:00,1.492269993,1.492269993,1.361999989,1.21200607902736,1.23261205564142
14:42:00,1.492269993,1.492269993,1.361999989,1.21200607902736,1.23261205564142
14:43:00,1.37748003,1.37748003,1.361999989,1.21200607902736,1.23261205564142
14:44:00,1.492269993,1.492269993,1.361999989,1.21200607902736,1.23261205564142
14:45:00,1.492269993,1.492269993,1.361999989,1.21200607902736,1.23261205564142
14:46:00,1.37748003,1.37748003,1.475499988,1.21200607902736,1.23261205564142
14:47:00,1.37748003,1.492269993,1.361999989,1.21200607902736,1.23261205564142
14:48:00,1.37748003,1.37748003,1.361999989,1.21200607902736,1.23261205564142
14:49:00,1.492269993,1.492269993,1.361999989,1.21200607902736,1.23261205564142
14:50:00,1.37748003,1.37748003,1.361999989,1.21200607902736,1.23261205564142
14:51:00,1.492269993,1.492269993,1.361999989,1.21200607902736,1.23261205564142
14:52:00,1.492269993,1.492269993,1.361999989,1.21200607902736,1.23261205564142
14:53:00,1.37748003,1.37748003,1.361999989,1.21200607902736,1.23261205564142
14:54:00,1.37748003,1.37748003,1.361999989,1.21200607902736,1.23261205564142
14:55:00,1.37748003,1.37748003,1.475499988,1.21200607902736,1.23261205564142
14:56:00,1.492269993,1.492269993,1.361999989,1.21200607902736,1.23261205564142
14:57:00,1.492269993,1.492269993,1.361999989,1.21200607902736,1.23261205564142
14:58:00,1.37748003,1.37748003,1.475499988,1.21200607902736,1.23261205564142
14:59:00,1.37748003,1.37748003,1.361999989,1.21200607902736,1.23261205564142
15:00:00,1.492269993,1.492269993,1.361999989,1.21200607902736,1.23261205564142
15:01:00,1.492269993,1.492269993,1.361999989,1.21200607902736,1.23261205564142
15:02:00,1.492269993,1.492269993,1.361999989,1.21200607902736,1.23261205564142
15:03:00,1.37748003,1.37748003,1.361999989,1.21200607902736,1.23261205564142
15:04:00,1.492269993,1.492269993,1.361999989,1.21200607902736,1.23261205564142
15:05:00,1.492269993,1.492269993,1.361999989,1.21200607902736,1.23261205564142
15:06:00,1.37748003,1.492269993,1.361999989,1.21200607902736,1.23261205564142
15:07:00,1.37748003,1.37748003,1.361999989,1.21200607902736,1.23261205564142
15:08:00,1.492269993,1.492269993,1.475499988,1.21200607902736,1.23261205564142
15:09:00,1.492269993,1.492269993,1.475499988,1.21200607902736,1.23261205564142
15:10:00,1.37748003,1.492269993,1.475499988,1.21200607902736,1.23261205564142
15:11:00,1.492269993,1.492269993,1.361999989,1.21200607902736,1.23261205564142
15:12:00,1.492269993,1.492269993,1.475499988,1.21200607902736,1.23261205564142
15:13:00,1.492269993,2.984539986,1.361999989,1.21200607902736,1.23261205564142
15:14:00,1.492269993,1.492269993,1.361999989,1.21200607902736,1.23261205564142
15:15:00,1.492269993,1.37748003,1.361999989,1.21200607902736,1.23261205564142
15:16:00,1.37748003,1.37748003,1.361999989,1.21200607902736,1.23261205564142
15:17:00,1.492269993,1.492269993,1.361999989,1.21200607902736,1.23261205564142
15:18:00,1.492269993,1.492269993,1.475499988,1.21200607902736,1.23261205564142
15:19:00,1.492269993,1.492269993,1.475499988,1.21200607902736,1.23261205564142
15:20:00,1.37748003,1.37748003,1.475499988,1.21200607902736,1.23261205564142
15:21:00,1.492269993,1.492269993,1.361999989,1.21200607902736,1.23261205564142
15:22:00,1.492269993,1.492269993,1.361999989,1.21200607902736,1.23261205564142
15:23:00,1.492269993,1.492269993,1.475499988,1.21200607902736,1.23261205564142
15:24:00,1.37748003,1.37748003,1.361999989,1.21200607902736,1.23261205564142
15:25:00,1.37748003,1.147899985,1.361999989,1.21200607902736,1.23261205564142
15:26:00,1.492269993,1.492269993,1.361999989,1.21200607902736,1.23261205564142
15:27:00,1.37748003,1.37748003,1.361999989,1.21200607902736,1.23261205564142
15:28:00,1.492269993,1.492269993,1.361999989,1.21200607902736,1.23261205564142
15:29:00,1.492269993,1.492269993,1.361999989,1.21200607902736,1.23261205564142
15:30:00,1.37748003,1.37748003,1.361999989,1.21200607902736,1.23261205564142
15:31:00,1.492269993,1.492269993,1.361999989,1.21200607902736,1.23261205564142
15:32:00,1.492269993,1.492269993,1.361999989,1.21200607902736,1.23261205564142
15:33:00,1.492269993,1.492269993,1.361999989,1.21200607902736,1.23261205564142
15:34:00,1.37748003,1.492269993,1.361999989,1.21200607902736,1.23261205564142
15:35:00,1.37748003,1.37748003,1.361999989,1.21200607902736,1.23261205564142
15:36:00,1.37748003,1.492269993,1.475499988,1.21200607902736,1.23261205564142
15:37:00,1.492269993,1.492269993,1.361999989,1.21200607902736,1.23261205564142
15:38:00,1.492269993,1.492269993,1.475499988,1.21200607902736,1.23261205564142
15:39:00,1.37748003,1.37748003,1.361999989,1.21200607902736,1.23261205564142
15:40:00,1.37748003,1.37748003,1.361999989,1.21200607902736,1.23261205564142
15:41:00,1.492269993,1.492269993,1.361999989,1.21200607902736,1.23261205564142
15:42:00,1.37748003,1.37748003,1.361999989,1.21200607902736,1.23261205564142
15:43:00,1.492269993,1.492269993,1.361999989,1.21200607902736,1.23261205564142
15:44:00,1.37748003,1.37748003,1.361999989,1.21200607902736,1.23261205564142
15:45:00,1.37748003,1.37748003,1.361999989,1.21200607902736,1.23261205564142
15:46:00,1.37748003,1.37748003,1.475499988,1.21200607902736,1.23261205564142
15:47:00,1.37748003,1.37748003,1.361999989,1.21200607902736,1.23261205564142
15:48:00,1.37748003,1.37748003,1.361999989,1.21200607902736,1.23261205564142
15:49:00,1.492269993,1.492269993,1.475499988,1.21200607902736,1.23261205564142
15:50:00,1.37748003,1.492269993,1.13499999,1.21200607902736,1.23261205564142
15:51:00,1.262689948,1.492269993,1.361999989,1.21200607902736,1.23261205564142
15:52:00,1.492269993,1.492269993,1.361999989,1.21200607902736,1.23261205564142
15:53:00,1.37748003,1.37748003,1.361999989,1.21200607902736,1.23261205564142
15:54:00,1.37748003,1.37748003,1.361999989,1.21200607902736,1.23261205564142
15:55:00,1.37748003,1.37748003,1.361999989,1.21200607902736,1.23261205564142
15:56:00,1.37748003,1.37748003,1.475499988,1.21200607902736,1.23261205564142
15:57:00,1.492269993,1.492269993,1.361999989,1.21200607902736,1.23261205564142
15:58:00,1.37748003,1.37748003,1.361999989,1.21200607902736,1.23261205564142
15:59:00,1.37748003,1.37748003,1.361999989,1.21200607902736,1.23261205564142
16:00:00,1.492269993,1.492269993,1.475499988,1.21200607902736,1.23261205564142
16:01:00,1.492269993,1.492269993,1.475499988,1.21200607902736,1.23261205564142
16:02:00,1.37748003,1.37748003,1.361999989,1.21200607902736,1.23261205564142
16:03:00,1.37748003,1.37748003,1.361999989,1.21200607902736,1.23261205564142
16:04:00,1.492269993,1.492269993,1.475499988,1.21200607902736,1.23261205564142
16:05:00,1.492269993,1.492269993,1.361999989,1.21200607902736,1.23261205564142
16:06:00,1.492269993,1.492269993,1.361999989,1.21200607902736,1.23261205564142
16:07:00,1.492269993,1.492269993,1.361999989,1.21200607902736,1.23261205564142
16:08:00,1.492269993,1.492269993,1.361999989,1.21200607902736,1.23261205564142
16:09:00,1.492269993,1.492269993,1.361999989,1.21200607902736,1.23261205564142
16:10:00,1.37748003,1.37748003,1.361999989,1.21200607902736,1.23261205564142
16:11:00,1.492269993,1.492269993,1.475499988,1.21200607902736,1.23261205564142
16:12:00,1.492269993,1.37748003,1.475499988,1.21200607902736,1.23261205564142
16:13:00,1.37748003,1.37748003,1.361999989,1.21200607902736,1.23261205564142
16:14:00,1.37748003,1.37748003,1.361999989,1.21200607902736,1.23261205564142
16:15:00,1.37748003,1.492269993,1.361999989,1.21200607902736,1.23261205564142
16:16:00,1.492269993,1.492269993,1.361999989,1.21200607902736,1.23261205564142
16:17:00,1.37748003,1.37748003,1.361999989,1.21200607902736,1.23261205564142
16:18:00,1.37748003,1.37748003,1.361999989,1.21200607902736,1.23261205564142
16:19:00,1.37748003,1.492269993,1.475499988,1.21200607902736,1.23261205564142
16:20:00,1.492269993,1.492269993,1.361999989,1.21200607902736,1.23261205564142
16:21:00,1.37748003,1.37748003,1.475499988,1.21200607902736,1.23261205564142
16:22:00,1.37748003,1.37748003,1.475499988,1.21200607902736,1.23261205564142
16:23:00,1.37748003,1.37748003,1.361999989,1.21200607902736,1.23261205564142
16:24:00,1.37748003,1.492269993,1.361999989,1.21200607902736,1.23261205564142
16:25:00,1.492269993,1.492269993,1.475499988,1.21200607902736,1.23261205564142
16:26:00,1.492269993,1.37748003,1.361999989,1.21200607902736,1.23261205564142
16:27:00,1.37748003,1.37748003,1.475499988,1.21200607902736,1.23261205564142
16:28:00,1.492269993,1.492269993,1.361999989,1.21200607902736,1.23261205564142
16:29:00,1.492269993,1.37748003,1.361999989,1.21200607902736,1.23261205564142
16:30:00,1.492269993,1.492269993,1.475499988,1.21200607902736,1.23261205564142
16:31:00,1.492269993,1.492269993,1.361999989,1.21200607902736,1.23261205564142
16:32:00,1.37748003,1.37748003,1.361999989,1.21200607902736,1.23261205564142
16:33:00,1.492269993,1.492269993,1.361999989,1.21200607902736,1.23261205564142
16:34:00,1.492269993,1.37748003,1.361999989,1.21200607902736,1.23261205564142
16:35:00,1.37748003,1.37748003,1.361999989,1.21200607902736,1.23261205564142
16:36:00,1.492269993,1.492269993,1.361999989,1.21200607902736,1.23261205564142
16:37:00,1.492269993,1.37748003,1.361999989,1.21200607902736,1.23261205564142
16:38:00,1.492269993,1.492269993,1.475499988,1.21200607902736,1.23261205564142
16:39:00,1.37748003,1.37748003,1.361999989,1.21200607902736,1.23261205564142
16:40:00,1.147899985,1.492269993,1.361999989,1.21200607902736,1.23261205564142
16:41:00,1.492269993,1.492269993,1.361999989,1.21200607902736,1.23261205564142
16:42:00,1.37748003,1.492269993,1.475499988,1.21200607902736,1.23261205564142
16:43:00,1.37748003,1.37748003,1.361999989,1.21200607902736,1.23261205564142
16:44:00,1.37748003,1.37748003,1.361999989,1.21200607902736,1.23261205564142
16:45:00,1.37748003,1.37748003,1.361999989,1.21200607902736,1.23261205564142
16:46:00,1.37748003,1.492269993,1.361999989,1.21200607902736,1.23261205564142
16:47:00,1.492269993,1.492269993,1.475499988,1.21200607902736,1.23261205564142
16:48:00,1.492269993,1.492269993,1.361999989,1.21200607902736,1.23261205564142
16:49:00,1.262689948,1.492269993,1.361999989,1.21200607902736,1.23261205564142
16:50:00,1.37748003,1.37748003,1.361999989,1.21200607902736,1.23261205564142
16:51:00,1.37748003,1.492269993,1.475499988,1.21200607902736,1.23261205564142
16:52:00,1.262689948,1.492269993,1.361999989,1.21200607902736,1.23261205564142
16:53:00,1.492269993,1.492269993,1.361999989,1.21200607902736,1.23261205564142
16:54:00,1.492269993,1.492269993,1.13499999,1.21200607902736,1.23261205564142
16:55:00,1.147899985,1.37748003,1.13499999,1.21200607902736,1.23261205564142
16:56:00,1.147899985,1.37748003,1.13499999,1.21200607902736,1.23261205564142
16:57:00,1.262689948,1.492269993,1.13499999,1.21200607902736,1.23261205564142
16:58:00,1.492269993,1.492269993,1.13499999,1.21200607902736,1.23261205564142
16:59:00,1.262689948,1.492269993,1.13499999,1.21200607902736,1.23261205564142
17:00:00,1.492269993,1.492269993,1.24849999,1.21200607902736,1.23261205564142
17:01:00,1.262689948,1.492269993,1.13499999,1.21200607902736,1.23261205564142
17:02:00,1.262689948,1.492269993,1.13499999,1.21200607902736,1.23261205564142
17:03:00,1.262689948,1.492269993,1.24849999,1.21200607902736,1.23261205564142
17:04:00,1.37748003,1.37748003,1.13499999,1.21200607902736,1.23261205564142
17:05:00,1.37748003,1.37748003,1.361999989,1.21200607902736,1.23261205564142
17:06:00,1.37748003,1.492269993,1.475499988,1.21200607902736,1.23261205564142
17:07:00,1.262689948,1.492269993,1.361999989,1.21200607902736,1.23261205564142
17:08:00,1.492269993,1.492269993,1.361999989,1.21200607902736,1.23261205564142
17:09:00,1.262689948,1.492269993,1.475499988,1.21200607902736,1.23261205564142
17:10:00,1.262689948,1.492269993,1.24849999,1.21200607902736,1.23261205564142
17:11:00,1.262689948,1.262689948,1.24849999,1.21200607902736,1.23261205564142
17:12:00,1.147899985,1.147899985,1.13499999,1.21200607902736,1.23261205564142
17:13:00,1.147899985,1.147899985,1.13499999,1.21200607902736,1.23261205564142
17:14:00,1.147899985,1.147899985,1.13499999,1.21200607902736,1.23261205564142
17:15:00,1.147899985,1.147899985,1.361999989,1.21200607902736,1.23261205564142
17:16:00,4.591599941,1.262689948,1.13499999,1.21200607902736,1.23261205564142
17:17:00,1.147899985,1.147899985,1.13499999,1.21200607902736,1.23261205564142
17:18:00,1.262689948,1.492269993,1.475499988,1.21200607902736,1.23261205564142
17:19:00,1.262689948,1.262689948,1.24849999,1.21200607902736,1.23261205564142
17:20:00,1.262689948,1.262689948,3.177999973,1.21200607902736,2.984539986
17:21:00,3.443700075,3.902859926,3.858999968,3.631999969,3.673280001
17:22:00,3.902859926,3.443700075,1.475499988,5.221000195,3.673280001
17:23:00,1.37748003,1.147899985,1.361999989,1.21200607902736,1.23261205564142
17:24:00,2.984539986,2.984539986,3.177999973,1.21200607902736,1.23261205564142
17:25:00,5.280340195,6.198659897,7.037000179,6.809999943,4.821179867
17:26:00,7.346560001,6.88740015,6.809999943,5.221000195,7.805719852
17:27:00,6.657820225,6.88740015,6.809999943,9.079999924,7.576139927
17:28:00,5.280340195,4.591599941,4.313000202,6.809999943,4.821179867
17:29:00,4.13244009,4.13244009,5.221000195,4.767000198,3.443700075
17:30:00,8.953619957,6.88740015,9.534000397,5.675000191,7.576139927
17:31:00,9.183199883,7.116980076,8.399000168,4.993999958,7.576139927
17:32:00,6.88740015,7.116980076,6.129000187,5.675000191,7.805719852
17:33:00,7.116980076,6.88740015,7.263999939,5.447999954,7.805719852
17:34:00,7.116980076,6.88740015,5.90199995,4.993999958,7.805719852
17:35:00,7.805719852,7.116980076,7.491000175,8.852999687,7.805719852
17:36:00,8.26488018,7.116980076,7.945000172,8.852999687,7.576139927
17:37:00,6.657820225,6.428239822,6.583000183,7.263999939,6.428239822
17:38:00,7.805719852,6.88740015,7.491000175,8.626000404,7.576139927
17:39:00,8.494460106,7.116980076,7.945000172,4.993999958,7.576139927
17:40:00,8.26488018,6.88740015,5.90199995,8.852999687,6.657820225
17:41:00,5.50992012,6.198659897,4.993999958,7.945000172,6.657820225
17:42:00,1.492269993,1.721850038,3.631999969,2.950999975,3.214119911
17:43:00,4.13244009,3.902859926,3.177999973,2.950999975,3.214119911
17:44:00,1.37748003,1.492269993,1.475499988,1.21200607902736,1.23261205564142
17:45:00,3.214119911,3.443700075,2.950999975,3.177999973,3.214119911
17:46:00,3.214119911,2.984539986,3.177999973,3.177999973,2.984539986
17:47:00,3.214119911,3.443700075,1.475499988,2.950999975,2.75496006
17:48:00,1.492269993,1.492269993,2.950999975,1.21200607902736,1.23261205564142
17:49:00,1.262689948,1.492269993,2.950999975,1.21200607902736,1.23261205564142
17:50:00,1.147899985,1.492269993,1.13499999,1.21200607902736,1.23261205564142
17:51:00,3.673280001,3.902859926,3.631999969,3.404999971,2.984539986
17:52:00,3.902859926,3.673280001,3.404999971,4.767000198,3.673280001
17:53:00,1.492269993,1.492269993,1.361999989,1.21200607902736,1.23261205564142
17:54:00,1.147899985,1.37748003,1.475499988,1.21200607902736,1.23261205564142
17:55:00,2.984539986,3.214119911,3.177999973,1.21200607902736,3.443700075
17:56:00,3.443700075,3.214119911,3.404999971,1.21200607902736,3.443700075
17:57:00,1.492269993,2.984539986,3.177999973,1.21200607902736,1.23261205564142
17:58:00,2.984539986,2.75496006,1.475499988,1.21200607902736,2.75496006
17:59:00,1.492269993,1.492269993,1.475499988,1.21200607902736,1.23261205564142
18:00:00,1.492269993,1.492269993,2.950999975,1.21200607902736,1.23261205564142
18:01:00,3.443700075,3.673280001,3.631999969,1.21200607902736,3.214119911
18:02:00,3.443700075,1.492269993,2.950999975,1.21200607902736,1.23261205564142
18:03:00,1.492269993,1.492269993,1.475499988,1.21200607902736,1.23261205564142
18:04:00,1.492269993,1.492269993,1.475499988,1.21200607902736,1.23261205564142
18:05:00,1.492269993,1.492269993,1.475499988,1.21200607902736,1.23261205564142
18:06:00,1.492269993,2.984539986,1.475499988,1.21200607902736,1.23261205564142
18:07:00,1.492269993,3.214119911,3.177999973,1.21200607902736,1.23261205564142
18:08:00,2.984539986,1.492269993,2.950999975,1.21200607902736,1.23261205564142
18:09:00,1.492269993,1.492269993,1.475499988,1.21200607902736,1.23261205564142
18:10:00,3.214119911,3.214119911,3.177999973,1.21200607902736,1.23261205564142
18:11:00,3.214119911,3.902859926,3.404999971,2.950999975,1.23261205564142
18:12:00,3.443700075,3.673280001,2.723999977,2.950999975,3.673280001
18:13:00,1.492269993,1.492269993,1.475499988,1.21200607902736,1.23261205564142
18:14:00,2.984539986,2.984539986,1.475499988,1.21200607902736,1.23261205564142
18:15:00,4.13244009,3.214119911,3.177999973,3.404999971,3.214119911
18:16:00,1.492269993,1.492269993,3.177999973,1.21200607902736,1.23261205564142
18:17:00,1.492269993,1.492269993,1.475499988,1.21200607902736,1.23261205564142
18:18:00,1.492269993,1.492269993,1.475499988,2.723999977,1.23261205564142
18:19:00,1.492269993,1.492269993,1.475499988,1.21200607902736,1.23261205564142
18:20:00,1.492269993,1.492269993,1.24849999,1.21200607902736,1.23261205564142
18:21:00,3.214119911,2.984539986,2.723999977,2.950999975,1.23261205564142
18:22:00,1.492269993,1.492269993,1.24849999,1.21200607902736,2.75496006
18:23:00,3.443700075,3.214119911,2.950999975,1.21200607902736,3.214119911
18:24:00,1.492269993,2.984539986,1.24849999,1.21200607902736,1.23261205564142
18:25:00,2.984539986,3.443700075,2.950999975,1.21200607902736,1.23261205564142
18:26:00,3.214119911,1.492269993,2.950999975,2.723999977,3.214119911
18:27:00,2.984539986,3.214119911,1.361999989,1.21200607902736,1.23261205564142
18:28:00,1.492269993,1.492269993,1.475499988,1.21200607902736,1.23261205564142
18:29:00,1.37748003,1.37748003,1.475499988,1.21200607902736,1.23261205564142
18:30:00,1.37748003,1.37748003,1.361999989,1.21200607902736,1.23261205564142
18:31:00,2.984539986,3.214119911,2.723999977,2.950999975,1.23261205564142
18:32:00,4.591599941,4.591599941,1.475499988,3.177999973,1.23261205564142
18:33:00,4.591599941,4.13244009,1.475499988,1.21200607902736,1.23261205564142
18:34:00,4.591599941,4.13244009,1.475499988,1.21200607902736,2.75496006
18:35:00,4.591599941,3.902859926,2.950999975,2.950999975,3.214119911
18:36:00,4.821179867,4.13244009,2.950999975,1.21200607902736,1.23261205564142
18:37:00,4.13244009,4.362020016,2.950999975,1.21200607902736,3.443700075
18:38:00,2.984539986,1.262689948,1.80839002267574,1.13499999,1.23261205564142
18:39:00,1.80839002267574,1.81044267877412,1.80839002267574,1.21200607902736,1.23261205564142
18:40:00,1.80839002267574,1.81044267877412,1.80839002267574,1.21200607902736,1.23261205564142
18:41:00,1.80839002267574,1.81044267877412,1.80839002267574,1.21200607902736,1.23261205564142
18:42:00,1.80839002267574,1.81044267877412,1.80839002267574,1.21200607902736,1.23261205564142
18:43:00,1.80839002267574,1.81044267877412,1.80839002267574,1.21200607902736,1.23261205564142
18:44:00,1.80839002267574,1.81044267877412,1.80839002267574,1.21200607902736,1.23261205564142
18:45:00,1.80839002267574,1.81044267877412,1.80839002267574,1.21200607902736,1.23261205564142
18:46:00,1.80839002267574,1.81044267877412,1.80839002267574,1.21200607902736,1.23261205564142
18:47:00,1.80839002267574,1.81044267877412,1.80839002267574,1.21200607902736,1.23261205564142
18:48:00,1.80839002267574,1.81044267877412,1.80839002267574,1.21200607902736,1.23261205564142
18:49:00,1.80839002267574,1.81044267877412,1.80839002267574,1.21200607902736,1.23261205564142
18:50:00,1.80839002267574,1.81044267877412,1.80839002267574,1.21200607902736,1.23261205564142
18:51:00,1.80839002267574,1.81044267877412,1.80839002267574,1.21200607902736,1.23261205564142
18:52:00,1.80839002267574,1.81044267877412,1.80839002267574,1.21200607902736,1.23261205564142
18:53:00,1.80839002267574,1.81044267877412,1.80839002267574,1.21200607902736,1.23261205564142
18:54:00,1.80839002267574,1.81044267877412,1.80839002267574,1.21200607902736,1.23261205564142
18:55:00,1.80839002267574,1.81044267877412,1.80839002267574,1.21200607902736,1.23261205564142
18:56:00,1.80839002267574,1.81044267877412,1.80839002267574,1.21200607902736,1.23261205564142
18:57:00,1.80839002267574,1.81044267877412,1.80839002267574,1.21200607902736,1.23261205564142
18:58:00,1.80839002267574,1.81044267877412,1.80839002267574,1.21200607902736,1.23261205564142
18:59:00,1.80839002267574,1.81044267877412,1.80839002267574,1.21200607902736,1.23261205564142
19:00:00,1.80839002267574,1.81044267877412,1.80839002267574,1.21200607902736,1.23261205564142
19:01:00,1.80839002267574,1.81044267877412,1.80839002267574,1.21200607902736,1.23261205564142
19:02:00,1.80839002267574,1.81044267877412,1.80839002267574,1.21200607902736,1.23261205564142
19:03:00,1.80839002267574,1.81044267877412,1.80839002267574,1.21200607902736,1.23261205564142
19:04:00,1.80839002267574,1.81044267877412,1.80839002267574,1.21200607902736,1.23261205564142
19:05:00,1.80839002267574,1.81044267877412,1.80839002267574,1.21200607902736,1.23261205564142
19:06:00,1.80839002267574,1.81044267877412,1.80839002267574,1.21200607902736,1.23261205564142
19:07:00,1.80839002267574,1.81044267877412,1.80839002267574,1.21200607902736,1.23261205564142
19:08:00,1.80839002267574,1.81044267877412,1.80839002267574,1.21200607902736,1.23261205564142
19:09:00,1.80839002267574,1.81044267877412,1.80839002267574,1.21200607902736,1.23261205564142
19:10:00,1.80839002267574,1.81044267877412,1.80839002267574,1.21200607902736,1.23261205564142
19:11:00,1.80839002267574,1.81044267877412,1.80839002267574,1.21200607902736,1.23261205564142
19:12:00,1.80839002267574,1.81044267877412,1.80839002267574,1.21200607902736,1.23261205564142
19:13:00,1.80839002267574,1.81044267877412,1.80839002267574,1.21200607902736,1.23261205564142
19:14:00,1.80839002267574,1.81044267877412,1.80839002267574,1.21200607902736,1.23261205564142
19:15:00,1.80839002267574,1.81044267877412,1.80839002267574,1.21200607902736,1.23261205564142
19:16:00,1.80839002267574,1.81044267877412,1.80839002267574,1.21200607902736,1.23261205564142
19:17:00,1.80839002267574,1.81044267877412,1.80839002267574,1.21200607902736,1.23261205564142
19:18:00,1.80839002267574,1.81044267877412,1.80839002267574,1.21200607902736,1.23261205564142
19:19:00,1.80839002267574,1.81044267877412,1.80839002267574,1.21200607902736,1.23261205564142
19:20:00,1.80839002267574,1.81044267877412,1.80839002267574,1.21200607902736,1.23261205564142
19:21:00,1.80839002267574,1.81044267877412,1.80839002267574,1.21200607902736,1.23261205564142
19:22:00,1.80839002267574,1.81044267877412,1.80839002267574,1.21200607902736,1.23261205564142
19:23:00,1.80839002267574,1.81044267877412,1.80839002267574,1.21200607902736,1.23261205564142
19:24:00,1.80839002267574,1.81044267877412,1.80839002267574,1.21200607902736,1.23261205564142
19:25:00,1.80839002267574,1.81044267877412,1.80839002267574,1.21200607902736,1.23261205564142
19:26:00,1.80839002267574,1.81044267877412,1.80839002267574,1.21200607902736,1.23261205564142
19:27:00,1.80839002267574,1.81044267877412,1.80839002267574,1.21200607902736,1.23261205564142
19:28:00,1.80839002267574,1.81044267877412,1.80839002267574,1.21200607902736,1.23261205564142
19:29:00,1.80839002267574,1.81044267877412,1.80839002267574,1.21200607902736,1.23261205564142
19:30:00,1.80839002267574,1.81044267877412,1.80839002267574,1.21200607902736,1.23261205564142
19:31:00,1.80839002267574,1.81044267877412,1.80839002267574,1.21200607902736,1.23261205564142
19:32:00,1.80839002267574,1.81044267877412,1.80839002267574,1.21200607902736,1.23261205564142
19:33:00,1.80839002267574,1.81044267877412,1.80839002267574,1.21200607902736,1.23261205564142
19:34:00,1.80839002267574,1.81044267877412,1.80839002267574,1.21200607902736,1.23261205564142
19:35:00,1.80839002267574,1.81044267877412,1.80839002267574,1.21200607902736,1.23261205564142
19:36:00,1.80839002267574,1.81044267877412,1.80839002267574,1.21200607902736,1.23261205564142
19:37:00,1.80839002267574,1.81044267877412,1.80839002267574,1.21200607902736,1.23261205564142
19:38:00,1.80839002267574,1.81044267877412,1.80839002267574,1.21200607902736,1.23261205564142
19:39:00,1.80839002267574,1.81044267877412,1.80839002267574,1.21200607902736,1.23261205564142
19:40:00,1.80839002267574,1.81044267877412,1.80839002267574,1.21200607902736,1.23261205564142
19:41:00,1.80839002267574,1.81044267877412,1.80839002267574,1.21200607902736,1.23261205564142
19:42:00,1.80839002267574,1.81044267877412,1.80839002267574,1.21200607902736,1.23261205564142
19:43:00,1.80839002267574,1.81044267877412,1.80839002267574,1.21200607902736,1.23261205564142
19:44:00,1.80839002267574,1.81044267877412,1.80839002267574,1.21200607902736,1.23261205564142
19:45:00,1.80839002267574,1.81044267877412,1.80839002267574,1.21200607902736,1.23261205564142
19:46:00,1.80839002267574,1.81044267877412,1.80839002267574,1.21200607902736,1.23261205564142
19:47:00,1.80839002267574,1.81044267877412,1.80839002267574,1.21200607902736,1.23261205564142
19:48:00,1.80839002267574,1.81044267877412,1.80839002267574,1.21200607902736,1.23261205564142
19:49:00,1.80839002267574,1.81044267877412,1.80839002267574,1.21200607902736,1.23261205564142
19:50:00,1.80839002267574,1.81044267877412,1.80839002267574,1.21200607902736,1.23261205564142
19:51:00,1.80839002267574,1.81044267877412,1.80839002267574,1.21200607902736,1.23261205564142
19:52:00,1.80839002267574,1.81044267877412,1.80839002267574,1.21200607902736,1.23261205564142
19:53:00,1.80839002267574,1.81044267877412,1.80839002267574,1.21200607902736,1.23261205564142
19:54:00,1.80839002267574,1.81044267877412,1.80839002267574,1.21200607902736,1.23261205564142
19:55:00,1.80839002267574,1.81044267877412,1.80839002267574,1.21200607902736,1.23261205564142
19:56:00,1.80839002267574,1.81044267877412,1.80839002267574,1.21200607902736,1.23261205564142
19:57:00,1.80839002267574,1.81044267877412,1.80839002267574,1.21200607902736,1.23261205564142
19:58:00,1.80839002267574,1.81044267877412,1.80839002267574,1.21200607902736,1.23261205564142
19:59:00,1.80839002267574,1.81044267877412,1.80839002267574,1.21200607902736,1.23261205564142
20:00:00,1.80839002267574,1.81044267877412,1.80839002267574,1.21200607902736,1.23261205564142
20:01:00,1.80839002267574,1.81044267877412,1.80839002267574,1.21200607902736,1.23261205564142
20:02:00,1.80839002267574,1.81044267877412,1.80839002267574,1.21200607902736,1.23261205564142
20:03:00,1.80839002267574,1.81044267877412,1.80839002267574,1.21200607902736,1.23261205564142
20:04:00,1.80839002267574,1.81044267877412,1.80839002267574,1.21200607902736,1.23261205564142
20:05:00,1.80839002267574,1.81044267877412,1.80839002267574,1.21200607902736,1.23261205564142
20:06:00,1.80839002267574,1.81044267877412,1.80839002267574,1.21200607902736,1.23261205564142
20:07:00,1.80839002267574,1.81044267877412,1.80839002267574,1.21200607902736,1.23261205564142
20:08:00,1.80839002267574,1.81044267877412,1.80839002267574,1.21200607902736,1.23261205564142
20:09:00,1.80839002267574,1.81044267877412,1.80839002267574,1.21200607902736,1.23261205564142
20:10:00,1.80839002267574,1.81044267877412,1.80839002267574,1.21200607902736,1.23261205564142
20:11:00,1.80839002267574,1.81044267877412,1.80839002267574,1.21200607902736,1.23261205564142
20:12:00,1.80839002267574,1.81044267877412,1.80839002267574,1.21200607902736,1.23261205564142
20:13:00,1.80839002267574,1.81044267877412,1.80839002267574,1.21200607902736,1.23261205564142
20:14:00,1.80839002267574,1.81044267877412,1.80839002267574,1.21200607902736,1.23261205564142
20:15:00,1.80839002267574,1.81044267877412,1.80839002267574,1.21200607902736,1.23261205564142
20:16:00,1.80839002267574,1.81044267877412,1.80839002267574,1.21200607902736,1.23261205564142
20:17:00,1.80839002267574,1.81044267877412,1.80839002267574,1.21200607902736,1.23261205564142
20:18:00,1.80839002267574,1.81044267877412,1.80839002267574,1.21200607902736,1.23261205564142
20:19:00,1.80839002267574,1.81044267877412,1.80839002267574,1.21200607902736,1.23261205564142
20:20:00,1.80839002267574,1.81044267877412,1.80839002267574,1.21200607902736,1.23261205564142
20:21:00,1.80839002267574,1.81044267877412,1.80839002267574,1.21200607902736,1.23261205564142
20:22:00,1.80839002267574,1.81044267877412,1.80839002267574,1.21200607902736,1.23261205564142
20:23:00,1.80839002267574,1.81044267877412,1.80839002267574,1.21200607902736,1.23261205564142
20:24:00,1.80839002267574,1.81044267877412,1.80839002267574,1.21200607902736,1.23261205564142
20:25:00,1.80839002267574,1.81044267877412,1.80839002267574,1.21200607902736,1.23261205564142
20:26:00,1.80839002267574,1.81044267877412,1.80839002267574,1.21200607902736,1.23261205564142
20:27:00,1.80839002267574,1.81044267877412,1.80839002267574,1.21200607902736,1.23261205564142
20:28:00,1.80839002267574,1.81044267877412,1.80839002267574,1.21200607902736,1.23261205564142
20:29:00,1.80839002267574,1.81044267877412,1.80839002267574,1.21200607902736,1.23261205564142
20:30:00,1.80839002267574,1.81044267877412,1.80839002267574,1.21200607902736,1.23261205564142
20:31:00,1.80839002267574,1.81044267877412,1.80839002267574,1.21200607902736,1.23261205564142
20:32:00,1.80839002267574,1.81044267877412,1.80839002267574,1.21200607902736,1.23261205564142
20:33:00,1.80839002267574,1.81044267877412,1.80839002267574,1.21200607902736,1.23261205564142
20:34:00,1.80839002267574,1.81044267877412,1.80839002267574,1.21200607902736,1.23261205564142
20:35:00,1.80839002267574,1.81044267877412,1.80839002267574,1.21200607902736,1.23261205564142
20:36:00,1.80839002267574,1.81044267877412,1.80839002267574,1.21200607902736,1.23261205564142
20:37:00,1.80839002267574,1.81044267877412,1.80839002267574,1.21200607902736,1.23261205564142
20:38:00,1.80839002267574,1.81044267877412,1.80839002267574,1.21200607902736,1.23261205564142
20:39:00,1.80839002267574,1.81044267877412,1.80839002267574,1.21200607902736,1.23261205564142
20:40:00,1.80839002267574,1.81044267877412,1.80839002267574,1.21200607902736,1.23261205564142
20:41:00,1.80839002267574,1.81044267877412,1.80839002267574,1.21200607902736,1.23261205564142
20:42:00,1.80839002267574,1.81044267877412,1.80839002267574,1.21200607902736,1.23261205564142
20:43:00,1.80839002267574,1.81044267877412,1.80839002267574,1.21200607902736,1.23261205564142
20:44:00,1.80839002267574,1.81044267877412,1.80839002267574,1.21200607902736,1.23261205564142
20:45:00,1.80839002267574,1.81044267877412,1.80839002267574,1.21200607902736,1.23261205564142
20:46:00,1.80839002267574,1.81044267877412,1.80839002267574,1.21200607902736,1.23261205564142
20:47:00,1.80839002267574,1.81044267877412,1.80839002267574,1.21200607902736,1.23261205564142
20:48:00,1.80839002267574,1.81044267877412,1.80839002267574,1.21200607902736,1.23261205564142
20:49:00,1.80839002267574,1.81044267877412,1.80839002267574,1.21200607902736,1.23261205564142
20:50:00,1.80839002267574,1.81044267877412,1.80839002267574,1.21200607902736,1.23261205564142
20:51:00,1.80839002267574,1.81044267877412,1.80839002267574,1.21200607902736,1.23261205564142
20:52:00,1.80839002267574,1.81044267877412,1.80839002267574,1.21200607902736,1.23261205564142
20:53:00,1.80839002267574,1.81044267877412,1.80839002267574,1.21200607902736,1.23261205564142
20:54:00,1.80839002267574,1.81044267877412,1.80839002267574,1.21200607902736,1.23261205564142
20:55:00,1.80839002267574,1.81044267877412,1.80839002267574,1.21200607902736,1.23261205564142
20:56:00,1.80839002267574,1.81044267877412,1.80839002267574,1.21200607902736,1.23261205564142
20:57:00,1.80839002267574,1.81044267877412,1.80839002267574,1.21200607902736,1.23261205564142
20:58:00,1.80839002267574,1.81044267877412,1.80839002267574,1.21200607902736,1.23261205564142
20:59:00,1.80839002267574,1.81044267877412,1.80839002267574,1.21200607902736,1.23261205564142
21:00:00,1.80839002267574,1.81044267877412,1.80839002267574,1.21200607902736,1.23261205564142
21:01:00,1.80839002267574,1.81044267877412,1.80839002267574,1.21200607902736,1.23261205564142
21:02:00,1.80839002267574,1.81044267877412,1.80839002267574,1.21200607902736,1.23261205564142
21:03:00,1.80839002267574,1.81044267877412,1.80839002267574,1.21200607902736,1.23261205564142
21:04:00,1.80839002267574,1.81044267877412,1.80839002267574,1.21200607902736,1.23261205564142
21:05:00,1.80839002267574,1.81044267877412,1.80839002267574,1.21200607902736,1.23261205564142
21:06:00,1.80839002267574,1.81044267877412,1.80839002267574,1.21200607902736,1.23261205564142
21:07:00,1.80839002267574,1.81044267877412,1.80839002267574,1.21200607902736,1.23261205564142
21:08:00,1.80839002267574,1.81044267877412,1.80839002267574,1.21200607902736,1.23261205564142
21:09:00,1.80839002267574,1.81044267877412,1.80839002267574,1.21200607902736,1.23261205564142
21:10:00,1.80839002267574,1.81044267877412,1.80839002267574,1.21200607902736,1.23261205564142
21:11:00,1.80839002267574,1.81044267877412,1.80839002267574,1.21200607902736,1.23261205564142
21:12:00,1.80839002267574,1.81044267877412,1.80839002267574,1.21200607902736,1.23261205564142
21:13:00,1.80839002267574,1.81044267877412,1.80839002267574,1.21200607902736,1.23261205564142
21:14:00,1.80839002267574,1.81044267877412,1.80839002267574,1.21200607902736,1.23261205564142
21:15:00,1.80839002267574,1.81044267877412,1.80839002267574,1.21200607902736,1.23261205564142
21:16:00,1.80839002267574,1.81044267877412,1.80839002267574,1.21200607902736,1.23261205564142
21:17:00,1.80839002267574,1.81044267877412,1.80839002267574,1.21200607902736,1.23261205564142
21:18:00,1.80839002267574,1.81044267877412,1.80839002267574,1.21200607902736,1.23261205564142
21:19:00,1.80839002267574,1.81044267877412,1.80839002267574,1.21200607902736,1.23261205564142
21:20:00,1.80839002267574,1.81044267877412,1.80839002267574,1.21200607902736,1.23261205564142
21:21:00,1.80839002267574,1.81044267877412,1.80839002267574,1.21200607902736,1.23261205564142
21:22:00,1.80839002267574,1.81044267877412,1.80839002267574,1.21200607902736,1.23261205564142
21:23:00,1.80839002267574,1.81044267877412,1.80839002267574,1.21200607902736,1.23261205564142
21:24:00,1.80839002267574,1.81044267877412,1.80839002267574,1.21200607902736,1.23261205564142
21:25:00,1.80839002267574,1.81044267877412,1.80839002267574,1.21200607902736,1.23261205564142
21:26:00,1.80839002267574,1.81044267877412,1.80839002267574,1.21200607902736,1.23261205564142
21:27:00,1.80839002267574,1.81044267877412,1.80839002267574,1.21200607902736,1.23261205564142
21:28:00,1.80839002267574,1.81044267877412,1.80839002267574,1.21200607902736,1.23261205564142
21:29:00,1.80839002267574,1.81044267877412,1.80839002267574,1.21200607902736,1.23261205564142
21:30:00,1.80839002267574,1.81044267877412,1.80839002267574,1.21200607902736,1.23261205564142
21:31:00,1.80839002267574,1.81044267877412,1.80839002267574,1.21200607902736,1.23261205564142
21:32:00,1.80839002267574,1.81044267877412,1.80839002267574,1.21200607902736,1.23261205564142
21:33:00,1.80839002267574,1.81044267877412,1.80839002267574,1.21200607902736,1.23261205564142
21:34:00,1.80839002267574,1.81044267877412,1.80839002267574,1.21200607902736,1.23261205564142
21:35:00,1.80839002267574,1.81044267877412,1.80839002267574,1.21200607902736,1.23261205564142
21:36:00,1.80839002267574,1.81044267877412,1.80839002267574,1.21200607902736,1.23261205564142
21:37:00,1.80839002267574,1.81044267877412,1.80839002267574,1.21200607902736,1.23261205564142
21:38:00,1.80839002267574,1.81044267877412,1.80839002267574,1.21200607902736,1.23261205564142
21:39:00,1.80839002267574,1.81044267877412,1.80839002267574,1.21200607902736,1.23261205564142
21:40:00,1.80839002267574,1.81044267877412,1.80839002267574,1.21200607902736,1.23261205564142
21:41:00,1.80839002267574,1.81044267877412,1.80839002267574,1.21200607902736,1.23261205564142
21:42:00,1.80839002267574,1.81044267877412,1.80839002267574,1.21200607902736,1.23261205564142
21:43:00,1.80839002267574,1.81044267877412,1.80839002267574,1.21200607902736,1.23261205564142
21:44:00,1.80839002267574,1.81044267877412,1.80839002267574,1.21200607902736,1.23261205564142
21:45:00,1.80839002267574,1.81044267877412,1.80839002267574,1.21200607902736,1.23261205564142
21:46:00,1.80839002267574,1.81044267877412,1.80839002267574,1.21200607902736,1.23261205564142
21:47:00,1.80839002267574,1.81044267877412,1.80839002267574,1.21200607902736,1.23261205564142
21:48:00,1.80839002267574,1.81044267877412,1.80839002267574,1.21200607902736,1.23261205564142
21:49:00,1.80839002267574,1.81044267877412,1.80839002267574,1.21200607902736,1.23261205564142
21:50:00,1.80839002267574,1.81044267877412,1.80839002267574,1.21200607902736,1.23261205564142
21:51:00,1.80839002267574,1.81044267877412,1.80839002267574,1.21200607902736,1.23261205564142
21:52:00,1.80839002267574,1.81044267877412,1.80839002267574,1.21200607902736,1.23261205564142
21:53:00,1.80839002267574,1.81044267877412,1.80839002267574,1.21200607902736,1.23261205564142
21:54:00,1.80839002267574,1.81044267877412,1.80839002267574,1.21200607902736,1.23261205564142
21:55:00,1.80839002267574,1.81044267877412,1.80839002267574,1.21200607902736,1.23261205564142
21:56:00,1.80839002267574,1.81044267877412,1.80839002267574,1.21200607902736,1.23261205564142
21:57:00,1.80839002267574,1.81044267877412,1.80839002267574,1.21200607902736,1.23261205564142
21:58:00,1.80839002267574,1.81044267877412,1.80839002267574,1.21200607902736,1.23261205564142
21:59:00,1.80839002267574,1.81044267877412,1.80839002267574,1.21200607902736,1.23261205564142
22:00:00,1.80839002267574,1.81044267877412,1.80839002267574,1.21200607902736,1.23261205564142
22:01:00,1.80839002267574,1.81044267877412,1.80839002267574,1.21200607902736,1.23261205564142
22:02:00,1.80839002267574,1.81044267877412,1.80839002267574,1.21200607902736,1.23261205564142
22:03:00,1.80839002267574,1.81044267877412,1.80839002267574,1.21200607902736,1.23261205564142
22:04:00,1.80839002267574,1.81044267877412,1.80839002267574,1.21200607902736,1.23261205564142
22:05:00,1.80839002267574,1.81044267877412,1.80839002267574,1.21200607902736,1.23261205564142
22:06:00,1.80839002267574,1.81044267877412,1.80839002267574,1.21200607902736,1.23261205564142
22:07:00,1.80839002267574,1.81044267877412,1.80839002267574,1.21200607902736,1.23261205564142
22:08:00,1.80839002267574,1.81044267877412,1.80839002267574,1.21200607902736,1.23261205564142
22:09:00,1.80839002267574,1.81044267877412,1.80839002267574,1.21200607902736,1.23261205564142
22:10:00,1.80839002267574,1.81044267877412,1.80839002267574,1.21200607902736,1.23261205564142
22:11:00,1.80839002267574,1.81044267877412,1.80839002267574,1.21200607902736,1.23261205564142
22:12:00,1.80839002267574,1.81044267877412,1.80839002267574,1.21200607902736,1.23261205564142
22:13:00,1.80839002267574,1.81044267877412,1.80839002267574,1.21200607902736,1.23261205564142
22:14:00,1.80839002267574,1.81044267877412,1.80839002267574,1.21200607902736,1.23261205564142
22:15:00,1.80839002267574,1.81044267877412,1.80839002267574,1.21200607902736,1.23261205564142
22:16:00,1.80839002267574,1.81044267877412,1.80839002267574,1.21200607902736,1.23261205564142
22:17:00,1.80839002267574,1.81044267877412,1.80839002267574,1.21200607902736,1.23261205564142
22:18:00,1.80839002267574,1.81044267877412,1.80839002267574,1.21200607902736,1.23261205564142
22:19:00,1.80839002267574,1.81044267877412,1.80839002267574,1.21200607902736,1.23261205564142
22:20:00,1.80839002267574,1.81044267877412,1.80839002267574,1.21200607902736,1.23261205564142
22:21:00,1.80839002267574,1.81044267877412,1.80839002267574,1.21200607902736,1.23261205564142
22:22:00,1.80839002267574,1.81044267877412,1.80839002267574,1.21200607902736,1.23261205564142
22:23:00,1.80839002267574,1.81044267877412,1.80839002267574,1.21200607902736,1.23261205564142
22:24:00,1.80839002267574,1.81044267877412,1.80839002267574,1.21200607902736,1.23261205564142
22:25:00,1.80839002267574,1.81044267877412,1.80839002267574,1.21200607902736,1.23261205564142
22:26:00,1.80839002267574,1.81044267877412,1.80839002267574,1.21200607902736,1.23261205564142
22:27:00,1.80839002267574,1.81044267877412,1.80839002267574,1.21200607902736,1.23261205564142
22:28:00,1.80839002267574,1.81044267877412,1.80839002267574,1.21200607902736,1.23261205564142
22:29:00,1.80839002267574,1.81044267877412,1.80839002267574,1.21200607902736,1.23261205564142
22:30:00,1.80839002267574,1.81044267877412,1.80839002267574,1.21200607902736,1.23261205564142
22:31:00,1.80839002267574,1.81044267877412,1.80839002267574,1.21200607902736,1.23261205564142
22:32:00,1.80839002267574,1.81044267877412,1.80839002267574,1.21200607902736,1.23261205564142
22:33:00,1.80839002267574,1.81044267877412,1.80839002267574,1.21200607902736,1.23261205564142
22:34:00,1.80839002267574,1.81044267877412,1.80839002267574,1.21200607902736,1.23261205564142
22:35:00,1.80839002267574,1.81044267877412,1.80839002267574,1.21200607902736,1.23261205564142
22:36:00,1.80839002267574,1.81044267877412,1.80839002267574,1.21200607902736,1.23261205564142
22:37:00,1.80839002267574,1.81044267877412,1.80839002267574,1.21200607902736,1.23261205564142
22:38:00,1.80839002267574,1.81044267877412,1.80839002267574,1.21200607902736,1.23261205564142
22:39:00,1.80839002267574,1.81044267877412,1.80839002267574,1.21200607902736,1.23261205564142
22:40:00,1.80839002267574,1.81044267877412,1.80839002267574,1.21200607902736,1.23261205564142
22:41:00,1.80839002267574,1.81044267877412,1.80839002267574,1.21200607902736,1.23261205564142
22:42:00,1.80839002267574,1.81044267877412,1.80839002267574,1.21200607902736,1.23261205564142
22:43:00,1.80839002267574,1.81044267877412,1.80839002267574,1.21200607902736,1.23261205564142
22:44:00,1.80839002267574,1.81044267877412,1.80839002267574,1.21200607902736,1.23261205564142
22:45:00,1.80839002267574,1.81044267877412,1.80839002267574,1.21200607902736,1.23261205564142
22:46:00,1.80839002267574,1.81044267877412,1.80839002267574,1.21200607902736,1.23261205564142
22:47:00,1.80839002267574,1.81044267877412,1.80839002267574,1.21200607902736,1.23261205564142
22:48:00,1.80839002267574,1.81044267877412,1.80839002267574,1.21200607902736,1.23261205564142
22:49:00,1.80839002267574,1.81044267877412,1.80839002267574,1.21200607902736,1.23261205564142
22:50:00,1.80839002267574,1.81044267877412,1.80839002267574,1.21200607902736,1.23261205564142
22:51:00,1.80839002267574,1.81044267877412,1.80839002267574,1.21200607902736,1.23261205564142
22:52:00,1.80839002267574,1.81044267877412,1.80839002267574,1.21200607902736,1.23261205564142
22:53:00,1.80839002267574,1.81044267877412,1.80839002267574,1.21200607902736,1.23261205564142
22:54:00,1.80839002267574,1.81044267877412,1.80839002267574,1.21200607902736,1.23261205564142
22:55:00,1.80839002267574,1.81044267877412,1.80839002267574,1.21200607902736,1.23261205564142
22:56:00,1.80839002267574,1.81044267877412,1.80839002267574,1.21200607902736,1.23261205564142
22:57:00,1.80839002267574,1.81044267877412,1.80839002267574,1.21200607902736,1.23261205564142
22:58:00,1.80839002267574,1.81044267877412,1.80839002267574,1.21200607902736,1.23261205564142
22:59:00,1.80839002267574,1.81044267877412,1.80839002267574,1.21200607902736,1.23261205564142
23:00:00,1.80839002267574,1.81044267877412,1.80839002267574,1.21200607902736,1.23261205564142
23:01:00,1.80839002267574,1.81044267877412,1.80839002267574,1.21200607902736,1.23261205564142
23:02:00,1.80839002267574,1.81044267877412,1.80839002267574,1.21200607902736,1.23261205564142
23:03:00,1.80839002267574,1.81044267877412,1.80839002267574,1.21200607902736,1.23261205564142
23:04:00,1.80839002267574,1.81044267877412,1.80839002267574,1.21200607902736,1.23261205564142
23:05:00,1.80839002267574,1.81044267877412,1.80839002267574,1.21200607902736,1.23261205564142
23:06:00,1.80839002267574,1.81044267877412,1.80839002267574,1.21200607902736,1.23261205564142
23:07:00,1.80839002267574,1.81044267877412,1.80839002267574,1.21200607902736,1.23261205564142
23:08:00,1.80839002267574,1.81044267877412,1.80839002267574,1.21200607902736,1.23261205564142
23:09:00,1.80839002267574,1.81044267877412,1.80839002267574,1.21200607902736,1.23261205564142
23:10:00,1.80839002267574,1.81044267877412,1.80839002267574,1.21200607902736,1.23261205564142
23:11:00,1.80839002267574,1.81044267877412,1.80839002267574,1.21200607902736,1.23261205564142
23:12:00,1.80839002267574,1.81044267877412,1.80839002267574,1.21200607902736,1.23261205564142
23:13:00,1.80839002267574,1.81044267877412,1.80839002267574,1.21200607902736,1.23261205564142
23:14:00,1.80839002267574,1.81044267877412,1.80839002267574,1.21200607902736,1.23261205564142
23:15:00,1.80839002267574,1.81044267877412,1.80839002267574,1.21200607902736,1.23261205564142
23:16:00,1.80839002267574,1.81044267877412,1.80839002267574,1.21200607902736,1.23261205564142
23:17:00,1.80839002267574,1.81044267877412,1.80839002267574,1.21200607902736,1.23261205564142
23:18:00,1.80839002267574,1.81044267877412,1.80839002267574,1.21200607902736,1.23261205564142
23:19:00,1.80839002267574,1.81044267877412,1.80839002267574,1.21200607902736,1.23261205564142
23:20:00,1.80839002267574,1.81044267877412,1.80839002267574,1.21200607902736,1.23261205564142
23:21:00,1.80839002267574,1.81044267877412,1.80839002267574,1.21200607902736,1.23261205564142
23:22:00,1.80839002267574,1.81044267877412,1.80839002267574,1.21200607902736,1.23261205564142
23:23:00,1.80839002267574,1.81044267877412,1.80839002267574,1.21200607902736,1.23261205564142
23:24:00,1.80839002267574,1.81044267877412,1.80839002267574,1.21200607902736,1.23261205564142
23:25:00,1.80839002267574,1.81044267877412,1.80839002267574,1.21200607902736,1.23261205564142
23:26:00,1.80839002267574,1.81044267877412,1.80839002267574,1.21200607902736,1.23261205564142
23:27:00,1.80839002267574,1.81044267877412,1.80839002267574,1.21200607902736,1.23261205564142
23:28:00,1.80839002267574,1.81044267877412,1.80839002267574,1.21200607902736,1.23261205564142
23:29:00,1.80839002267574,1.81044267877412,1.80839002267574,1.21200607902736,1.23261205564142
23:30:00,1.80839002267574,1.81044267877412,1.80839002267574,1.21200607902736,1.23261205564142
23:31:00,1.80839002267574,1.81044267877412,1.80839002267574,1.21200607902736,1.23261205564142
23:32:00,1.80839002267574,1.81044267877412,1.80839002267574,1.21200607902736,1.23261205564142
23:33:00,1.80839002267574,1.81044267877412,1.80839002267574,1.21200607902736,1.23261205564142
23:34:00,1.80839002267574,1.81044267877412,1.80839002267574,1.21200607902736,1.23261205564142
23:35:00,1.80839002267574,1.81044267877412,1.80839002267574,1.21200607902736,1.23261205564142
23:36:00,1.80839002267574,1.81044267877412,1.80839002267574,1.21200607902736,1.23261205564142
23:37:00,1.80839002267574,1.81044267877412,1.80839002267574,1.21200607902736,1.23261205564142
23:38:00,1.80839002267574,1.81044267877412,1.80839002267574,1.21200607902736,1.23261205564142
23:39:00,1.80839002267574,1.81044267877412,1.80839002267574,1.21200607902736,1.23261205564142
23:40:00,1.80839002267574,1.81044267877412,1.80839002267574,1.21200607902736,1.23261205564142
23:41:00,1.80839002267574,1.81044267877412,1.80839002267574,1.21200607902736,1.23261205564142
23:42:00,1.80839002267574,1.81044267877412,1.80839002267574,1.21200607902736,1.23261205564142
23:43:00,1.80839002267574,1.81044267877412,1.80839002267574,1.21200607902736,1.23261205564142
23:44:00,1.80839002267574,1.81044267877412,1.80839002267574,1.21200607902736,1.23261205564142